"n","mean_distance","mean_fitness","percent_fit"
2,2.58539068846519e+260,0,0
7,1.17958309051127e+273,0,0
12,1.02202651490403e+244,0,0
